DELETE FROM platos;
DELETE FROM historial_colores;
DELETE FROM usuarios;
DELETE FROM imagenes;
DELETE FROM modelos;
DELETE FROM categorias;
INSERT INTO categorias (id_categ, nombre_categ) VALUES (2, 'platos');
INSERT INTO categorias (id_categ, nombre_categ) VALUES (3, 'bebidas');
INSERT INTO categorias (id_categ, nombre_categ) VALUES (4, 'entrada');
INSERT INTO categorias (id_categ, nombre_categ) VALUES (5, 'postres');
INSERT INTO imagenes (id_image, nombre_image, url_image) VALUES (1, 'fideos', 'https://co314vlcneiysqtg.public.blob.vercel-storage.com/images/1780087144103-17811188ed189832.jpg');
INSERT INTO imagenes (id_image, nombre_image, url_image) VALUES (3, 'tiramisu', 'https://co314vlcneiysqtg.public.blob.vercel-storage.com/images/1782311831302-c3421ef7ba70f2ed.webp');
INSERT INTO imagenes (id_image, nombre_image, url_image) VALUES (4, 'drink_vodka-mojito_16x9_maia', 'https://co314vlcneiysqtg.public.blob.vercel-storage.com/images/1782312068836-2529e9e47107b1e0.jpg');
INSERT INTO modelos (id_model, nombre_model, url_model) VALUES (1, 'Fideos con Salsa en Plato', 'https://co314vlcneiysqtg.public.blob.vercel-storage.com/models/1780087150713-4f349c96dade252d.glb');
INSERT INTO modelos (id_model, nombre_model, url_model) VALUES (2, 'peluche conejo', 'https://co314vlcneiysqtg.public.blob.vercel-storage.com/models/1782307890464-53552a4405e0cb95.glb');
INSERT INTO platos (id, nombre, descripcion, precio, categoria, imagen, modelo, ingredientes, cardColor, cardMessage, descuento, descuento_inicio, descuento_fin) VALUES (1, 'plato de fideos', 'plato de fideos askdjaslkd', 10000, 2, 1, 1, '["fideos","salsa de tomate","oregano"]', '#1f3d2b', 'wdasdsa', 15, NULL, NULL);
INSERT INTO platos (id, nombre, descripcion, precio, categoria, imagen, modelo, ingredientes, cardColor, cardMessage, descuento, descuento_inicio, descuento_fin) VALUES (2, 'fideos', 'plato de fideos', 10000, 2, 1, 1, '["salsa de tomate","fideos"]', '#1f3d2b', 'VEGANO', 20, '2026-06-22T16:33:00.000Z', '2026-06-29T16:33:00.000Z');
INSERT INTO platos (id, nombre, descripcion, precio, categoria, imagen, modelo, ingredientes, cardColor, cardMessage, descuento, descuento_inicio, descuento_fin) VALUES (3, 'helado', 'leche', 1000, 5, 1, 1, '["leche"]', '#152238', NULL, 0, NULL, NULL);
INSERT INTO platos (id, nombre, descripcion, precio, categoria, imagen, modelo, ingredientes, cardColor, cardMessage, descuento, descuento_inicio, descuento_fin) VALUES (4, 'fideosdos', 'fideos2', 10000, 2, 1, 1, '["fideos"]', '#152238', NULL, 0, NULL, NULL);
INSERT INTO platos (id, nombre, descripcion, precio, categoria, imagen, modelo, ingredientes, cardColor, cardMessage, descuento, descuento_inicio, descuento_fin) VALUES (5, 'Mojito', 'mojito test', 12990, 3, 4, 2, '[]', '#152238', NULL, 0, NULL, NULL);
INSERT INTO historial_colores (color, used_at) VALUES ('#d4aa63', '2026-05-29T20:40:17.382Z');
INSERT INTO historial_colores (color, used_at) VALUES ('#1f3d2b', '2026-06-22T16:33:45.991Z');
INSERT INTO historial_colores (color, used_at) VALUES ('#152238', '2026-06-24T14:41:26.453Z');
INSERT INTO usuarios (id_usuario, email, password_hash, puede_crear_platos, puede_editar_platos, puede_eliminar_platos, puede_gestionar_categorias, puede_subir_archivos, puede_eliminar_archivos, puede_gestionar_usuarios, creado_en) VALUES (1, 'test@hublab.com', '$2b$10$WZCdUUUsY1JsK7t5Aw.bfucf3r6BwD0ZHMlqjtgUjjS.8YbBzNaCG', 1, 0, 0, 0, 0, 0, 0, '2026-05-29T20:41:51.828Z');
INSERT INTO usuarios (id_usuario, email, password_hash, puede_crear_platos, puede_editar_platos, puede_eliminar_platos, puede_gestionar_categorias, puede_subir_archivos, puede_eliminar_archivos, puede_gestionar_usuarios, creado_en) VALUES (2, 'sistemas@virtualizar.cl', '$2a$12$.xTB7W70.6.uF/ArsTJI0.p4AHoppEV0DsvaVVMHjhIpUwtT/X.Q2', 1, 1, 1, 1, 1, 1, 1, '2026-06-18T20:49:42.000Z');
INSERT INTO usuarios (id_usuario, email, password_hash, puede_crear_platos, puede_editar_platos, puede_eliminar_platos, puede_gestionar_categorias, puede_subir_archivos, puede_eliminar_archivos, puede_gestionar_usuarios, creado_en) VALUES (3, 'ejemplo2@hublab.com', '$2b$10$G5EtUEC24t7jMjJ4Q14KCe/byvV7g5VruDjMQDcH4Wk1gn5umEA1O', 1, 0, 0, 0, 0, 0, 1, '2026-06-22T16:40:21.383Z');